FECHAINGRESO	CODIGO	DESCRIPCION	CAPITULO	DESCRIPCIONCAPITULO	PARTIDA	DESCRIPCIONPARTIDA	SUBPARTIDA	NECESITACODIGOARANCEL	MERCANCIAPELIGROSA	
2025/11/15 12:44:06	010310	CERDOS, REPRODUCTORES DE RAZA PURA PORCINA	01	ANIMALES VIVOS	03	ANIMALES VIVOS DE LA ESPECIE PORCINA	10	NO	NO	
2025/11/15 12:40:44	010190	MULOS Y BURDEGANOS, VIVOS	01	ANIMALES VIVOS	01	CABALLOS,  ASNOS,  MULOS Y BURDEGANOS,   VIVOS	90	NO	NO	
2025/11/15 12:39:55	010121	CABALLOS, REPRODUCTORES DE RAZA PURA, VIVOS	01	ANIMALES VIVOS	01	CABALLOS,  ASNOS,  MULOS Y BURDEGANOS,   VIVOS	21	NO	NO	
2025/11/15 12:34:03	010130	ASNOS	01	ANIMALES VIVOS	01	CABALLOS,  ASNOS,  MULOS Y BURDEGANOS,   VIVOS	30	NO	NO	
2025/11/15 12:33:03	010239	LOS DEMÁS BÚFALOS VIVOS	01	ANIMALES VIVOS	02	ANIMALES VIVOS DE LA ESPECIE BOVINA	39	NO	NO	
2025/11/15 12:28:12	010231	BÚFALOS, REPRODUCTORES DE RAZA PURA	01	ANIMALES VIVOS	02	ANIMALES VIVOS DE LA ESPECIE BOVINA	31	NO	NO	
2026/03/09 09:31:43	010221	VACAS, REPRODUCTORES DE RAZA PURA DE BOVINOS DOMÉSTICOS.	01	ANIMALES VIVOS	02	ANIMALES VIVOS DE LA ESPECIE BOVINA	21	NO	NO	
2025/11/25 10:36:56	010290	LOS DEMÁS ANIMALES VIVOS DE LA ESPECIE BOVINA	01	ANIMALES VIVOS	02	ANIMALES VIVOS DE LA ESPECIE BOVINA	90	NO	NO	
2025/10/23 11:39:42	060310	FLORES FRESCAS	06	PLANTAS VIVAS Y PRODUCTOS DE LA FLORICULTURA	03	FLORES Y CAPULLOS; CORTADOS PARA RAMOS O ADORNOS; FRESCOS; SECOS; BLANQUEADOS	10	NO	NO	
2025/09/18 14:34:22	270120	BRIQUETAS OVOIDES Y COMBUSTIBLES SOLIDOS SIMILARES OBTENIDOS DE LA HULLA. 	27	COMBUSTIBLES MINERALES; ACEITES MINERALES Y PRODUCTOS DE SU DESTILACIÓN	01	HULLAS: BRIQUETAS, OVOIDES Y COMBUSTIBLES SOLIDOS SIMILARES, OBTENIDOS DE LA HULLA (CARBON)	20	NO	NO	
2025/09/03 16:26:01	251511	MARMOL Y TRAVERTINOS	25	SAL; AZUFRE; TIERRAS Y PIEDRAS; YESOS, CALES Y CEMENTOS	15	MARMOL;  TRAVERTINOS;  ECAUSSINES Y DEMAS PIEDRASCALIZAS DE TALLA O DE CONSTRU	11	NO	NO	
2025/09/03 16:22:23	252010	YESO NATURAL; ANHIDRITA	25	SAL; AZUFRE; TIERRAS Y PIEDRAS; YESOS, CALES Y CEMENTOS	20	YESO NATURAL; ANHIDRITA; YESOS CALCINADOS;  INCLUSO COLOREADOS O CON PEQUE?AS	10	NO	NO	
2025/09/03 16:12:48	690510	TEJAS	69	PRODUCTOS CERÁMICOS	05	TEJAS;  ELEMENTOS DE CHIMENEA;  CONDUCTOS DE HUMO;  ORNAMENTOS ARQUITECTONICO	10	NO	NO	
2025/09/03 16:01:40	030110	PECES VIVOS	03	PESCADOS Y CRUSTÁCEOS; MOLUSCOS Y OTROS INVERTEBRADOS ACUÁTICOS	01	PECES O PESCADOS VIVOS	10	NO	NO	
2025/09/03 15:49:39	040700	HUEVOS DE AVE CON CASCARA, FRESCOS, CONSERVADOS O COCIDOS. 	04	LECHE Y PRODUCTOS LÁCTEOS; HUEVOS DE AVE; MIEL NATURAL; PRODUCTOS	07	HUEVOS DE AVES CON CASCARA(CASCARON) FRESCOS;  CONSERVADOS O COCIDOS	00	NO	NO	
2025/09/03 14:59:54	440200	CARBON VEGETAL (INCLUIDO EL DE CASCARAS O DE CAROZOS (HUESOS) DE FRUTAS), AUNQUE ESTE AGLOMERADO. 	44	MADERA, CARBÓN VEGETAL Y MANUFACTURAS DE MADERA	02	CARBON VEGETAL (INCLUIDO EL DE CASCARAS O DE HUESOS DE FRUTAS);  AUNQUE ESTE A	00	NO	NO	
2025/09/03 16:38:27	440110	MADERA 	44	MADERA, CARBÓN VEGETAL Y MANUFACTURAS DE MADERA	01	LE?A; MADERA EN PLAQUITAS O PARTICULAS; ASERRIN;  DESPERDICIOS Y DESECHOS;  D	10	NO	NO	
2025/09/03 08:37:16	271129	LOS DEMAS GASES DE PETROLEO	27	COMBUSTIBLES MINERALES; ACEITES MINERALES Y PRODUCTOS DE SU DESTILACIÓN	11	GAS DE PETROLEO Y DEMAS HIDROCARBUROS GASEOSOS	29	NO	SI	
2025/09/03 08:27:37	271114	ETILENO, PROPILENO, BUTILENO, BUTADIENO	27	COMBUSTIBLES MINERALES; ACEITES MINERALES Y PRODUCTOS DE SU DESTILACIÓN	11	GAS DE PETROLEO Y DEMAS HIDROCARBUROS GASEOSOS	14	NO	SI	
2025/09/03 08:26:19	271113	GAS BUTANO	27	COMBUSTIBLES MINERALES; ACEITES MINERALES Y PRODUCTOS DE SU DESTILACIÓN	11	GAS DE PETROLEO Y DEMAS HIDROCARBUROS GASEOSOS	13	NO	SI	
2025/09/03 08:25:21	271112	GAS PROPANO	27	COMBUSTIBLES MINERALES; ACEITES MINERALES Y PRODUCTOS DE SU DESTILACIÓN	11	GAS DE PETROLEO Y DEMAS HIDROCARBUROS GASEOSOS	12	NO	SI	
2025/09/03 08:24:20	271121	GAS NATURAL	27	COMBUSTIBLES MINERALES; ACEITES MINERALES Y PRODUCTOS DE SU DESTILACIÓN	11	GAS DE PETROLEO Y DEMAS HIDROCARBUROS GASEOSOS	21	NO	SI	
2025/09/03 08:23:15	271111	GAS NATURAL LICUADO	27	COMBUSTIBLES MINERALES; ACEITES MINERALES Y PRODUCTOS DE SU DESTILACIÓN	11	GAS DE PETROLEO Y DEMAS HIDROCARBUROS GASEOSOS	11	NO	SI	
2025/05/14 14:45:26	280130	FLUOR; BROMO	28	PRODUCTOS QUÍMICOS INORGÁNICOS; COMPUESTOS INORGÁNICOS U ORGÁNICOS DE	01	FLUOR;  CLORO;  BROMO Y YODO	30	NO	NO	
2025/05/14 14:44:04	280120	YODO	28	PRODUCTOS QUÍMICOS INORGÁNICOS; COMPUESTOS INORGÁNICOS U ORGÁNICOS DE	01	FLUOR;  CLORO;  BROMO Y YODO	20	NO	SI	
2025/05/14 14:43:24	280110	CLORO	28	PRODUCTOS QUÍMICOS INORGÁNICOS; COMPUESTOS INORGÁNICOS U ORGÁNICOS DE	01	FLUOR;  CLORO;  BROMO Y YODO	10	NO	SI	
2024/10/14 10:56:08	271091	DESECHOS DE ACEITES	27	COMBUSTIBLES MINERALES; ACEITES MINERALES Y PRODUCTOS DE SU DESTILACIÓN	10	ACEITES DE PETROLEO O DE MINERALES BITUMINOSOS EXCEPTO LOS ACEITES CRUDOS; PREPARACIONES NO EXPRESADAS NI COMPRENDIDAS EN OTRA PARTE, CON UN CONTENIDO DE ACEITES DE PETROLEO O DE MINERALES BITUMINOSOS EN PESO SUPERIOR O IGUAL AL 70 %, EN LAS QUE ESTOS ACEITES CONSTITUYAN EL ELEMENTO BASE.	91	NO	NO	
2024/10/14 10:52:56	271020	ACEITES DE PETROLEO O DE MINERALES BITUMINOSOS EXCEPTO LOS ACEITES CRUDOS Y PREPARACIONES NO EXPRESADAS NI COMPRENDIDAS EN OTRA PARTE, CON UN CONTENIDO DE ACEITES DE PETROLEO O DE MINERALES BITUMINOSOS EN PESO SUPERIOR O IGUAL AL 70 % EN PESO, EN LAS QUE ESTOS ACEITES CONSTITUYAN EL ELEMENTO BASE, QUE CONTENGAN BIODIESEL EXCEPTO LOS DESECHOS DE ACEITES	27	COMBUSTIBLES MINERALES; ACEITES MINERALES Y PRODUCTOS DE SU DESTILACIÓN	10	ACEITES DE PETROLEO O DE MINERALES BITUMINOSOS EXCEPTO LOS ACEITES CRUDOS; PREPARACIONES NO EXPRESADAS NI COMPRENDIDAS EN OTRA PARTE, CON UN CONTENIDO DE ACEITES DE PETROLEO O DE MINERALES BITUMINOSOS EN PESO SUPERIOR O IGUAL AL 70 %, EN LAS QUE ESTOS ACEITES CONSTITUYAN EL ELEMENTO BASE.	20	NO	NO	
2024/09/25 19:56:45	271019	ACEITES MEDIANOS Y PESADOS Y SUS PREPARACIONES	27	COMBUSTIBLES MINERALES; ACEITES MINERALES Y PRODUCTOS DE SU DESTILACIÓN	10	Aceites de petróleo o de mineral bituminoso (excepto los aceites crudos) y preparaciones no expresadas ni comprendidas en otra parte, con un contenido de aceites de petróleo o de mineral bituminoso superior o igual al 70 % en peso, en las que estos aceites constituyan el elemento base, excepto las que contengan biodiésel y los desechos de aceites	19	SI	NO	
2024/05/21 13:53:25	240311	TABACO PARA PIPA DE AGUA	24	TABACO Y SUCEDÁNEOS DEL TABACO ELABORADOS	03	LOS DEMAS TABACOS Y SUCEDANEOS DEL TABACO;  ELABORADOS; TABACO HOMOGENEIZADO	11	.	 	
2024/05/21 13:52:35	240310	TABACO PARA FUMAR, INCLUSO CON SUCEDANEOS DE TABACO EN CUALQUIER PROPORCIÓN	24	TABACO Y SUCEDÁNEOS DEL TABACO ELABORADOS	03	LOS DEMAS TABACOS Y SUCEDANEOS DEL TABACO;  ELABORADOS; TABACO HOMOGENEIZADO	10	.	 	
2024/05/21 13:51:46	240290	LOS DEMAS CIGARRILLOS DE TABACO O DE SUCEDANEOS DEL TABACO	24	TABACO Y SUCEDÁNEOS DEL TABACO ELABORADOS	02	CIGARROS O PUROS (INCLUSO DESPUNTADOS);  PURITOS Y CIGARRILLOS;  DE TABACO O D	90	.	 	
2024/05/21 13:50:55	240220	CIGARRILLOS DE TABACO NEGRO	24	TABACO Y SUCEDÁNEOS DEL TABACO ELABORADOS	02	CIGARROS O PUROS (INCLUSO DESPUNTADOS);  PURITOS Y CIGARRILLOS;  DE TABACO O D	20	.	 	
2024/05/21 13:50:01	240210	CIGARROS O PUROS (INCLUSO DESPUNTADOS);  PURITOS Y CIGARRILLOS; QUE CONTENGAN TABACO	24	TABACO Y SUCEDÁNEOS DEL TABACO ELABORADOS	02	CIGARROS O PUROS (INCLUSO DESPUNTADOS);  PURITOS Y CIGARRILLOS;  DE TABACO O D	10	.	 	
2024/05/21 13:48:17	220890	ALCOHOL ETÍLICO SIN DESNATURALIZAR CON GRADO ALCOHÓLICO VOLUMÉTRICO INFERIOR AL 80% VOL	22	BEBIDAS; LÍQUIDOS ALCOHÓLICOS Y VINAGRE	08	ALCOHOL ETILICO SIN DESNATURALIZAR CON UN GRADO ALCOHOLICO VOLUMETRICO INFERIOR A 80% VOL; AGUARDIENTES. LICORES Y DEMAS BEBIDAS ESPIRITUOSAS; PREPARACIONES ALCOHOLICAS COMPUESTAS DEL TIPO DE LAS UTILIZADAS PARA LA ELABORACION DE BEBIDAS.	90	.	 	
2024/05/21 13:47:03	220870	LICORES DE ANIS	22	BEBIDAS; LÍQUIDOS ALCOHÓLICOS Y VINAGRE	08	ALCOHOL ETILICO SIN DESNATURALIZAR CON UN GRADO ALCOHOLICO VOLUMETRICO INFERIOR A 80% VOL; AGUARDIENTES. LICORES Y DEMAS BEBIDAS ESPIRITUOSAS; PREPARACIONES ALCOHOLICAS COMPUESTAS DEL TIPO DE LAS UTILIZADAS PARA LA ELABORACION DE BEBIDAS.	70	.	 	
2024/05/21 13:46:46	220860	VODKA	22	BEBIDAS; LÍQUIDOS ALCOHÓLICOS Y VINAGRE	08	ALCOHOL ETILICO SIN DESNATURALIZAR CON UN GRADO ALCOHOLICO VOLUMETRICO INFERIOR A 80% VOL; AGUARDIENTES. LICORES Y DEMAS BEBIDAS ESPIRITUOSAS; PREPARACIONES ALCOHOLICAS COMPUESTAS DEL TIPO DE LAS UTILIZADAS PARA LA ELABORACION DE BEBIDAS.	60	.	 	
2024/05/21 13:46:32	220850	GIN Y GINEBRA	22	BEBIDAS; LÍQUIDOS ALCOHÓLICOS Y VINAGRE	08	ALCOHOL ETILICO SIN DESNATURALIZAR CON UN GRADO ALCOHOLICO VOLUMETRICO INFERIOR A 80% VOL; AGUARDIENTES. LICORES Y DEMAS BEBIDAS ESPIRITUOSAS; PREPARACIONES ALCOHOLICAS COMPUESTAS DEL TIPO DE LAS UTILIZADAS PARA LA ELABORACION DE BEBIDAS.	50	.	 	
2024/05/21 13:46:13	220840	RON Y DEMÁS AGUARDIENTES PROCEDENTES DE LA DESTILACIÓN, PREVIA FERMENTACIÓN, DE PRODUCTOS DE LA CAÑA DE AZUCAR	22	BEBIDAS; LÍQUIDOS ALCOHÓLICOS Y VINAGRE	08	ALCOHOL ETILICO SIN DESNATURALIZAR CON UN GRADO ALCOHOLICO VOLUMETRICO INFERIOR A 80% VOL; AGUARDIENTES. LICORES Y DEMAS BEBIDAS ESPIRITUOSAS; PREPARACIONES ALCOHOLICAS COMPUESTAS DEL TIPO DE LAS UTILIZADAS PARA LA ELABORACION DE BEBIDAS.	40	.	 	
2024/05/21 13:45:09	220830	WHISKY	22	BEBIDAS; LÍQUIDOS ALCOHÓLICOS Y VINAGRE	08	ALCOHOL ETILICO SIN DESNATURALIZAR CON UN GRADO ALCOHOLICO VOLUMETRICO INFERIOR A 80% VOL; AGUARDIENTES. LICORES Y DEMAS BEBIDAS ESPIRITUOSAS; PREPARACIONES ALCOHOLICAS COMPUESTAS DEL TIPO DE LAS UTILIZADAS PARA LA ELABORACION DE BEBIDAS.	30	.	 	
2024/05/21 13:44:47	220820	AGUARDIENTE DE UVA (PISCO Y SIMILARES)	22	BEBIDAS; LÍQUIDOS ALCOHÓLICOS Y VINAGRE	08	ALCOHOL ETILICO SIN DESNATURALIZAR CON UN GRADO ALCOHOLICO VOLUMETRICO INFERIOR A 80% VOL; AGUARDIENTES. LICORES Y DEMAS BEBIDAS ESPIRITUOSAS; PREPARACIONES ALCOHOLICAS COMPUESTAS DEL TIPO DE LAS UTILIZADAS PARA LA ELABORACION DE BEBIDAS.	20	.	 	
2024/05/21 13:44:00	220600	LAS DEMÁS BEBIDAS FERMENTADAS (POR EJEMPLO: SIDRA, PERADA, AGUAMIEL); MEZCLAS DE BEBIDAS FERMENTADAS Y MEZCLAS DE BEBIDAS FERMENTADAS Y BEBIDAS NO ALCOHOLICAS, NO EXPRESADAS NI COMPRENDIDAS EN OTRA PARTE	22	BEBIDAS; LÍQUIDOS ALCOHÓLICOS Y VINAGRE	06	LAS DEMAS BEBIDAS FERMENTADAS (POR EJEMPLO: SIDRA, PERADA, AGUAMIEL);MEZCLAS DE BEBIDAS FERMENTADAS Y MEZCLAS DE BEBIDAS FERMENTADAS Y BEBIDAS NO ALCOHOLICAS, NO EXPRESADAS NI COMPRENDIDAS EN OTRA PARTE.	00	.	 	
2024/05/21 13:40:57	220590	LOS DEMÁS VINOS DE UVAS FRESCAS, PREPARADOS CON PLANTAS O SUSTANCIAS AROMÁTICAS	22	BEBIDAS; LÍQUIDOS ALCOHÓLICOS Y VINAGRE	05	VERMUT Y DEMAS VINOS DE UVAS FRESCAS PREPARADOS CON PLANTAS O SUSTANCIAS AROMATI	90	.	 	
2024/05/21 13:39:43	220510	VERMUTS Y DEMAS VINOS EN RECIPIENTES CON CAPACIDAD INFERIOR O IGUAL A 2 LITROS	22	BEBIDAS; LÍQUIDOS ALCOHÓLICOS Y VINAGRE	05	VERMUT Y DEMAS VINOS DE UVAS FRESCAS PREPARADOS CON PLANTAS O SUSTANCIAS AROMATI	10	.	 	
2024/05/21 13:38:26	220429	LOS DEMAS VINOS DE UVAS FRESCAS	22	BEBIDAS; LÍQUIDOS ALCOHÓLICOS Y VINAGRE	04	VINO DE UVAS;  INCLUSO ENCABEZADO; MOSTO DE UVA;  EXCEPTO EL DE LA PARTIDA 200	29	.	 	
2024/05/21 13:37:56	220422	LOS DEMAS VINOS EN RECIPIENTES CON CAPACIDAD SUPERIOR A 2 LITROS PERO INFERIOR O IGUAL A 2 LITROS	22	BEBIDAS; LÍQUIDOS ALCOHÓLICOS Y VINAGRE	04	VINO DE UVAS;  INCLUSO ENCABEZADO; MOSTO DE UVA;  EXCEPTO EL DE LA PARTIDA 200	22	.	 	
2024/05/21 13:37:00	220421	VINOS EN RECIPIENTES CON CAPACIDAD IGUAL O INFEROR A 2 LITROS	22	BEBIDAS; LÍQUIDOS ALCOHÓLICOS Y VINAGRE	04	VINO DE UVAS;  INCLUSO ENCABEZADO; MOSTO DE UVA;  EXCEPTO EL DE LA PARTIDA 200	21	.	 	
2024/05/21 13:33:19	220410	VINO ESPUMOSO	22	BEBIDAS; LÍQUIDOS ALCOHÓLICOS Y VINAGRE	04	VINO DE UVAS;  INCLUSO ENCABEZADO; MOSTO DE UVA;  EXCEPTO EL DE LA PARTIDA 200	10	.	 	
2024/05/21 13:32:15	220300	CERVEZA DE MALTA	22	BEBIDAS; LÍQUIDOS ALCOHÓLICOS Y VINAGRE	03	CERVEZA DE MALTA	00	.	 	
2024/01/31 06:54:28	251621	ARENISCA EN BRUTO O DESBASTADA	25	SAL; AZUFRE; TIERRAS Y PIEDRAS; YESOS, CALES Y CEMENTOS	16	GRANITO;  PORFIDO;  BASALTO;  ARENISCA Y DEMAS PIEDRAS DE TALLA O DE CONSTRUCC	21	.	 	
2024/01/31 06:54:53	251611	GRANITO EN BRUTO O DESBASTADO	25	SAL; AZUFRE; TIERRAS Y PIEDRAS; YESOS, CALES Y CEMENTOS	16	GRANITO;  PORFIDO;  BASALTO;  ARENISCA Y DEMAS PIEDRAS DE TALLA O DE CONSTRUCC	11	.	 	
2024/01/31 06:51:31	251520	PIEDRAS CALIZAS DE TALLA O DE CONSTRUCCION	25	SAL; AZUFRE; TIERRAS Y PIEDRAS; YESOS, CALES Y CEMENTOS	15	MARMOL;  TRAVERTINOS;  ECAUSSINES Y DEMAS PIEDRASCALIZAS DE TALLA O DE CONSTRU	20	.	 	
2024/01/31 06:49:54	251311	PIEDRA POMEZ EN BRUTO O TROZOS IRREGULARES	25	SAL; AZUFRE; TIERRAS Y PIEDRAS; YESOS, CALES Y CEMENTOS	13	PIEDRA POMEZ; ESMERIL; CORINDON NATURAL;  GRANATE NATURAL Y DEMAS ABRASIVOS NA	11	.	 	
2024/01/31 06:39:48	250820	TIERRAS DECOLORANTES Y TIERRAS DE BATAN	25	SAL; AZUFRE; TIERRAS Y PIEDRAS; YESOS, CALES Y CEMENTOS	08	LAS DEMAS ARCILLAS (CON EXCLUSION DE LAS ARCILLAS DILATADAS DE LA PARTIDA 6806	20	.	 	
2024/01/31 06:33:14	250870	TIERRA DE CHAMOTAS O DE DINAS	25	SAL; AZUFRE; TIERRAS Y PIEDRAS; YESOS, CALES Y CEMENTOS	08	LAS DEMAS ARCILLAS (CON EXCLUSION DE LAS ARCILLAS DILATADAS DE LA PARTIDA 6806	70	.	 	
2024/01/31 06:27:26	251710	CANTOS, GRAVAS, PIEDRAS MACHACADAS	25	SAL; AZUFRE; TIERRAS Y PIEDRAS; YESOS, CALES Y CEMENTOS	17	CANTOS;  GRAVA;  PIEDRAS MACHACADAS;  DE LOS TIPOS GENERALMENTE UTILIZADOS PAR	10	.	 	
2024/01/31 06:24:50	250510	ARENAS SILICEAS Y ARENAS CUARZOSAS	25	SAL; AZUFRE; TIERRAS Y PIEDRAS; YESOS, CALES Y CEMENTOS	05	ARENAS NATURALES DE CUALQUIER CLASE;  INCLUSO COLOREADAS;  CON EXCLUSION DE LA	10	.	 	
2023/04/13 15:38:19	151110	ACEITE DE PALMA EN BRUTO O REFINADO	15	GRASAS Y ACEITES ANIMALES O VEGETALES; PRODUCTOS DE SU DESDOBLAMIENTO	11	ACEITE DE PALMA Y SUS FRACCIONES;  INCLUSO REFINADO;  PERO SIN MODIFICAR QUIMI	10	.	 	
2023/04/12 06:25:00	690410	LADRILLOS DE CONSTRUCCION	69	PRODUCTOS CERÁMICOS	04	LADRILLOS DE CONSTRUCCION;  BOVEDILLAS;  CUBREVIGAS Y ARTICULOS SIMILARES;  D	10	.	 	
2023/04/12 06:21:25	721610	PERFILES DE HIERRO O DE ACERO	72	FUNDICIÓN; HIERRO Y ACERO	16	PERFILES DE HIERRO O DE ACERO SIN ALEAR	10	.	 	
2023/04/12 06:18:43	721410	BARRAS DE HIERRO O DE ACERO	72	FUNDICIÓN; HIERRO Y ACERO	14	BARRAS DE HIERRO O DE ACERO SIN ALEAR;  SIMPLEMENTE FORJADAS;  LAMINADAS O EXT	10	.	 	
2023/04/11 18:48:23	721600	PERFILES DE HIERRO O DE ACERO	72	FUNDICIÓN; HIERRO Y ACERO	16	PERFILES DE HIERRO O DE ACERO SIN ALEAR	00	.	 	
2023/04/11 18:41:01	721310	ALAMBRE DE HIERRO O DE ACERO	72	FUNDICIÓN; HIERRO Y ACERO	13	ALAMBRON DE HIERRO O DE ACERO SIN ALEAR	10	.	 	
2023/04/11 11:35:20	252321	CEMENTO BLANCO	25	SAL; AZUFRE; TIERRAS Y PIEDRAS; YESOS, CALES Y CEMENTOS	23	CEMENTOS HIDRAULICOS (INCLUIDOS LOS CEMENTOS SIN PULVERIZAR O CLINKER);  AUNQU	21	.	 	
2023/04/11 11:34:44	252310	CEMENTO GRIS	25	SAL; AZUFRE; TIERRAS Y PIEDRAS; YESOS, CALES Y CEMENTOS	23	CEMENTOS HIDRAULICOS (INCLUIDOS LOS CEMENTOS SIN PULVERIZAR O CLINKER);  AUNQU	10	.	 	
2023/03/22 15:09:00	380891	INSECTISIDAS	38	PRODUCTOS DIVERSOS DE LAS INDUSTRIAS QUÍMICAS	08	INSECTICIDAS;  RATICIDAS;  FUNGICIDAS;  HERBICIDAS;  INHIBIDORES DE GERMINACIO	91	.	 	
2023/03/22 15:03:04	040310	YOGURT	04	LECHE Y PRODUCTOS LÁCTEOS; HUEVOS DE AVE; MIEL NATURAL; PRODUCTOS	03	SUERO DE MANTEQUILLA (DE MANTECA);  LECHE Y NATA (CREMA) CUAJADAS; YOGUR; KEFI	10	.	 	
2023/03/22 14:57:35	310520	ABONOS MINERALES CON ELEMENTOS FERTILIZANTES: NITROGENO, FOSFOTO Y POTASIO, 	31	ABONOS	05	ABONOS MINERALES O QUIMICOS;  CON DOS O TRES DE LOS ELEMENTOS FERTILIZANTES NI	20	.	 	
2023/03/22 14:50:00	020410	CARNE OVINA O CAPRINA FRESCA	02	CARNES Y DESPOJOS COMESTIBLES	04	CARNE DE ANIMALES DE LAS ESPECIES OVINA O CAPRINA; FRESCA; REFRIGERADA O CONGE	10	.	 	
2023/03/22 14:48:19	020110	CARNE BOVINA FRESCA	02	CARNES Y DESPOJOS COMESTIBLES	01	CARNE DE ANIMALES DE LA ESPECIE BOVINA; FRESCA O REFRIGERADA	10	.	 	
2023/03/22 14:44:41	010100	CABALLOS, ASNOS, MULOS VIVOS	01	ANIMALES VIVOS	01	CABALLOS,  ASNOS,  MULOS Y BURDEGANOS,   VIVOS	00	.	 	
2023/03/22 14:37:13	090111	CAFE SIN TOSTAR	09	CAFÉ, TÉ, YERBA MATE Y ESPECIAS	01	CAFE;  INCLUSO TOSTADO O DESCAFEINADO; CASCARA O CASCARILLA DE CAFE; SUCEDANEO	11	.	 	
2023/03/22 14:33:22	170113	PANELA	17	AZÚCARES Y ARTÍCULOS DE CONFITERÍA	01	AZUCAR DE CAÑA O DE REMOLACHA Y SACAROSA QUIMICAMENTE PURA; EN ESTADO SOLIDO	13	.	 	
2023/03/22 14:09:49	071340	LENTEJA	07	LEGUMBRES Y HORTALIZAS, PLANTAS, RAÍCES Y TUBÉRCULOS ALIMENTICIOS	13	HORTALIZAS (INCLUSO SILVESTRES);  DE VAINA SECAS DESVAINADAS AUNQUE ESTEN MOND	40	.	 	
2023/03/22 14:08:41	100110	TRIGO	10	CEREALES	01	TRIGO Y MORCAJO O TRANQUILLON	10	.	 	
2023/03/22 14:07:44	100700	SORGO	10	CEREALES	07	SORGO DE GRANO	00	.	 	
2023/03/22 14:06:22	100400	AVENA	10	CEREALES	04	AVENA	00	.	 	
2023/03/22 14:06:06	100300	CEBADA	10	CEREALES	03	CEBADA	00	.	 	
2023/03/22 14:05:47	100200	CENTENO	10	CEREALES	02	CENTENO	00	.	 	
2023/03/22 14:02:34	070999	ACELGAS, CILANTRO	07	LEGUMBRES Y HORTALIZAS, PLANTAS, RAÍCES Y TUBÉRCULOS ALIMENTICIOS	09	LAS DEMAS HORTALIZAS (INCLUSO SILVESTRES) FRESCAS O REFRIGERADAS	99	.	 	
2023/03/22 14:13:58	070200	TOMATE FRESCO	07	LEGUMBRES Y HORTALIZAS, PLANTAS, RAÍCES Y TUBÉRCULOS ALIMENTICIOS	02	TOMATES FRESCOS O REFRIGERADOS	00	.	 	
2023/03/22 13:45:03	070511	LECHUGA	07	LEGUMBRES Y HORTALIZAS, PLANTAS, RAÍCES Y TUBÉRCULOS ALIMENTICIOS	05	LECHUGA(LACTUCA SATIVA) Y ACHICORIAS; COMPRENDIDAS LA ESCAROLA Y LA ENDIBIA FR	11	.	 	
2023/03/07 13:35:35	230990	ALIMENTO PARA PERROS O GATOS	23	PREPARACIONES DE LOS TIPOS UTILIZADOS PARA LA ALIMENTACION DE LOS ANIMALES	09	LAS DEMAS PREPARACIONES DE LAS UTILIZADAS PARA LA ALIMENTACIÓN DE ANIMALES	90	.	 	
2023/03/07 13:34:08	230910	ALIMENTO PARA PERROS O GATOS	23	PREPARACIONES DE LOS TIPOS UTILIZADOS PARA LA ALIMENTACION DE LOS ANIMALES	09	ALIMENTOS PARA PERROS Y GATOS ACONDICIONADOS PARA LA VENTA AL POR MENOR	10	.	 	
2023/02/21 12:03:44	020810	CARNE DE CONEJO O LIEBRE FRESCA O REFRIGERADA	02	CARNES Y DESPOJOS COMESTIBLES	08	LAS DEMAS CARNES Y DESPOJOS COMESTIBLES; FRESCOS; REFRIGERADOS O CONGELADOS	10	.	 	
2023/02/21 12:02:18	020724	CARNE DE PAVO FRESCA O REFRIGERADA	02	CARNES Y DESPOJOS COMESTIBLES	07	CARNE Y DESPOJOS COMESTIBLES DE AVES DE LA PARTIDA 0 1;0 5; FRESCOS; REFRIGERD	24	.	 	
2023/02/21 11:59:57	020711	CARNE DE POLLO, GALLINA, GALLO, FRESCA O REFRIGERADA	02	CARNES Y DESPOJOS COMESTIBLES	07	CARNE Y DESPOJOS COMESTIBLES DE AVES DE LA PARTIDA 0 1;0 5; FRESCOS; REFRIGERD	11	.	 	
2023/02/21 11:52:09	010614	CONEJOS VIVOS	01	ANIMALES VIVOS	06	LOS DEMAS ANIMALES VIVOS	14	.	 	
2023/02/21 11:51:04	010513	PATOS VIVOS	01	ANIMALES VIVOS	05	GALLOS; GALLINAS; PATOS; GANSOS; PAVOS Y PINTADAS DE LAS ESPECIES DOMESTICAS	13	.	 	
2023/02/21 11:50:17	010512	PAVOS VIVOS	01	ANIMALES VIVOS	05	GALLOS; GALLINAS; PATOS; GANSOS; PAVOS Y PINTADAS DE LAS ESPECIES DOMESTICAS	12	.	 	
2023/02/21 11:49:29	010511	GALLOS, GALLINAS, POLLOS VIVOS	01	ANIMALES VIVOS	05	GALLOS; GALLINAS; PATOS; GANSOS; PAVOS Y PINTADAS DE LAS ESPECIES DOMESTICAS	11	.	 	
2023/02/07 06:51:07	271012	ACEITES LIGEROS (LIVIANOS) Y SUS PREPARACIONES	27	COMBUSTIBLES MINERALES; ACEITES MINERALES Y PRODUCTOS DE SU DESTILACIÓN	10	Aceites de petróleo o de mineral bituminoso (excepto los aceites crudos) y preparaciones no expresadas ni comprendidas en otra parte, con un contenido de aceites de petróleo o de mineral bituminoso superior o igual al 70 % en peso, en las que estos aceites constituyan el elemento base, excepto las que contengan biodiésel y los desechos de aceites	12	SI	NO	
2023/01/31 11:42:15	040120	LECHE CRUDA	04	LECHE Y PRODUCTOS LÁCTEOS; HUEVOS DE AVE; MIEL NATURAL; PRODUCTOS	01	LECHE Y NATA (CREMA) SIN CONCENTRAR; SIN ADICION DE AZUCAR NI OTRO EDUCOLORANT	20	.	 	
2020/07/21 12:59:39	081098	FEIJOA	08	FRUTOS COMESTIBLES; CORTEZAS DE AGRIOS O DE MELONES	10	LAS DEMAS FRUTAS U OTROS FRUTOS FRESCOS	98	.	 	
2020/07/21 12:58:42	081097	CURUBA	08	FRUTOS COMESTIBLES; CORTEZAS DE AGRIOS O DE MELONES	10	LAS DEMAS FRUTAS U OTROS FRUTOS FRESCOS	97	.	 	
2020/07/21 12:56:59	081091	MARACUYA	08	FRUTOS COMESTIBLES; CORTEZAS DE AGRIOS O DE MELONES	10	LAS DEMAS FRUTAS U OTROS FRUTOS FRESCOS	91	.	 	
2020/07/21 12:51:56	081020	FRAMBUESA	08	FRUTOS COMESTIBLES; CORTEZAS DE AGRIOS O DE MELONES	10	LAS DEMAS FRUTAS U OTROS FRUTOS FRESCOS	20	.	 	
2020/07/21 12:51:08	081040	ARANDANO	08	FRUTOS COMESTIBLES; CORTEZAS DE AGRIOS O DE MELONES	10	LAS DEMAS FRUTAS U OTROS FRUTOS FRESCOS	40	.	 	
2020/07/21 12:50:48	080940	CIRUELA	08	FRUTOS COMESTIBLES; CORTEZAS DE AGRIOS O DE MELONES	09	ALBARICOQUES(DAMASCOS; CHABACANOS); CEREZAS; MELOCOTONES(DURAZNOS); (INCLUIDO	40	.	 	
2020/07/21 12:49:06	080830	PERA	08	FRUTOS COMESTIBLES; CORTEZAS DE AGRIOS O DE MELONES	08	MANZANAS; PERAS;  Y MENBRILLOS FRESCOS	30	.	 	
2020/07/21 12:48:12	080711	PATILLA (SANDÍA)	08	FRUTOS COMESTIBLES; CORTEZAS DE AGRIOS O DE MELONES	07	MELONES; SANDIAS Y PAPAYAS FRESCOS	11	.	 	
2020/07/21 12:46:28	080552	LIMON TAHITÍ	08	FRUTOS COMESTIBLES; CORTEZAS DE AGRIOS O DE MELONES	05	AGRIOS (CITRICOS) FRESCOS O SECOS	52	.	 	
2020/07/21 12:42:23	080540	TORONJA O POMELO	08	FRUTOS COMESTIBLES; CORTEZAS DE AGRIOS O DE MELONES	05	AGRIOS (CITRICOS) FRESCOS O SECOS	40	.	 	
2020/07/21 12:41:11	080522	NARANJA TANGELO	08	FRUTOS COMESTIBLES; CORTEZAS DE AGRIOS O DE MELONES	05	AGRIOS (CITRICOS) FRESCOS O SECOS	22	.	 	
2020/06/22 15:05:17	070700	PEPINO COHOMBRO	07	LEGUMBRES Y HORTALIZAS, PLANTAS, RAÍCES Y TUBÉRCULOS ALIMENTICIOS	07	PEPINOS Y PEPINILLOS FRESCOS O REFRIGERADOS	00	.	 	
2020/06/22 15:01:57	070991	ALCACHOFA	07	LEGUMBRES Y HORTALIZAS, PLANTAS, RAÍCES Y TUBÉRCULOS ALIMENTICIOS	09	LAS DEMAS HORTALIZAS (INCLUSO SILVESTRES) FRESCAS O REFRIGERADAS	91	.	 	
2020/06/22 15:01:31	070820	FRIJOL	07	LEGUMBRES Y HORTALIZAS, PLANTAS, RAÍCES Y TUBÉRCULOS ALIMENTICIOS	08	HORTALIZAS(INCLUSO SILVESTRES) DE VAINA;  AUNQUE ESTEN DESVAINADAS;  FRESCAS	20	.	 	
2020/06/22 15:01:08	070810	ARVEJA	07	LEGUMBRES Y HORTALIZAS, PLANTAS, RAÍCES Y TUBÉRCULOS ALIMENTICIOS	08	HORTALIZAS(INCLUSO SILVESTRES) DE VAINA;  AUNQUE ESTEN DESVAINADAS;  FRESCAS	10	.	 	
2020/06/22 15:00:23	070940	APIO	07	LEGUMBRES Y HORTALIZAS, PLANTAS, RAÍCES Y TUBÉRCULOS ALIMENTICIOS	09	LAS DEMAS HORTALIZAS (INCLUSO SILVESTRES) FRESCAS O REFRIGERADAS	40	.	 	
2020/06/22 14:59:50	070930	BERENJENA	07	LEGUMBRES Y HORTALIZAS, PLANTAS, RAÍCES Y TUBÉRCULOS ALIMENTICIOS	09	LAS DEMAS HORTALIZAS (INCLUSO SILVESTRES) FRESCAS O REFRIGERADAS	30	.	 	
2020/06/22 14:56:09	080612	UVA ISABELINA	08	FRUTOS COMESTIBLES; CORTEZAS DE AGRIOS O DE MELONES	06	UVAS FRESCAS O SECAS; INCLUIDAS LAS PASAS	12	.	 	
2020/06/22 14:55:56	080611	UVA ROJA	08	FRUTOS COMESTIBLES; CORTEZAS DE AGRIOS O DE MELONES	06	UVAS FRESCAS O SECAS; INCLUIDAS LAS PASAS	11	.	 	
2020/06/22 14:55:43	080610	UVA VERDE	08	FRUTOS COMESTIBLES; CORTEZAS DE AGRIOS O DE MELONES	06	UVAS FRESCAS O SECAS; INCLUIDAS LAS PASAS	10	.	 	
2020/06/22 14:51:20	081096	LULO	08	FRUTOS COMESTIBLES; CORTEZAS DE AGRIOS O DE MELONES	10	LAS DEMAS FRUTAS U OTROS FRUTOS FRESCOS	96	.	 	
2020/07/21 12:48:25	080722	.	08	FRUTOS COMESTIBLES; CORTEZAS DE AGRIOS O DE MELONES	07	MELONES; SANDIAS Y PAPAYAS FRESCOS	22	.	 	
2020/06/22 14:47:54	080721	MELON	08	FRUTOS COMESTIBLES; CORTEZAS DE AGRIOS O DE MELONES	07	MELONES; SANDIAS Y PAPAYAS FRESCOS	21	.	 	
2020/06/22 14:45:42	081122	MORA	08	FRUTOS COMESTIBLES; CORTEZAS DE AGRIOS O DE MELONES	11	FRUTAS Y OTROS FRUTOS;  SIN COCER O COCIDOS EN AGUA O VAPOR; CONGELADOS; INCLU	22	.	 	
2020/06/22 14:45:28	081121	ZARZAMORA	08	FRUTOS COMESTIBLES; CORTEZAS DE AGRIOS O DE MELONES	11	FRUTAS Y OTROS FRUTOS;  SIN COCER O COCIDOS EN AGUA O VAPOR; CONGELADOS; INCLU	21	.	 	
2020/07/21 12:55:02	081120	.	08	FRUTOS COMESTIBLES; CORTEZAS DE AGRIOS O DE MELONES	11	FRUTAS Y OTROS FRUTOS;  SIN COCER O COCIDOS EN AGUA O VAPOR; CONGELADOS; INCLU	20	.	 	
2020/06/22 14:44:40	081110	FRESA	08	FRUTOS COMESTIBLES; CORTEZAS DE AGRIOS O DE MELONES	11	FRUTAS Y OTROS FRUTOS;  SIN COCER O COCIDOS EN AGUA O VAPOR; CONGELADOS; INCLU	10	.	 	
2020/06/22 14:43:58	081095	UCHUVA	08	FRUTOS COMESTIBLES; CORTEZAS DE AGRIOS O DE MELONES	10	LAS DEMAS FRUTAS U OTROS FRUTOS FRESCOS	95	.	 	
2020/06/22 14:44:04	081094	PITAHAYA	08	FRUTOS COMESTIBLES; CORTEZAS DE AGRIOS O DE MELONES	10	LAS DEMAS FRUTAS U OTROS FRUTOS FRESCOS	94	.	 	
2020/06/22 14:43:15	081093	TOMATE DE ARBOL	08	FRUTOS COMESTIBLES; CORTEZAS DE AGRIOS O DE MELONES	10	LAS DEMAS FRUTAS U OTROS FRUTOS FRESCOS	93	.	 	
2020/06/22 14:43:00	081092	CHIRIMOYA	08	FRUTOS COMESTIBLES; CORTEZAS DE AGRIOS O DE MELONES	10	LAS DEMAS FRUTAS U OTROS FRUTOS FRESCOS	92	.	 	
2020/06/22 14:42:23	081090	GRANADILLA	08	FRUTOS COMESTIBLES; CORTEZAS DE AGRIOS O DE MELONES	10	LAS DEMAS FRUTAS U OTROS FRUTOS FRESCOS	90	.	 	
2020/06/22 14:37:03	080440	AGUACATE	08	FRUTOS COMESTIBLES; CORTEZAS DE AGRIOS O DE MELONES	04	DATILES; HIGOS; PI?AS TROPICALES8ANANAS); AGUACATES(PALTAS); GUAYABAS; MANGOS	40	.	 	
2023/03/22 14:38:39	180100	CACAO EN GRANO	18	CACAO Y SUS PREPARACIONES	01	CACAO EN GRANO;  ENTERO O PARTIDO;  CRUDO O TOSTADO	00	.	 	
2020/06/22 14:30:11	121291	REMOLACHA	12	SEMILLAS Y FRUTOS OLEAGINOSOS; SEMILLAS Y FRUTOS DIVERSOS; PLANTAS	12	ALGARROBAS;  ALGAS;  REMOLACHA AZUCARERA Y CA?A DE AZUCAR;  FRESCAS;  REFRIGER	91	.	 	
2020/06/22 14:29:16	121293	CAÑA DE AZUCAR	12	SEMILLAS Y FRUTOS OLEAGINOSOS; SEMILLAS Y FRUTOS DIVERSOS; PLANTAS	12	ALGARROBAS;  ALGAS;  REMOLACHA AZUCARERA Y CA?A DE AZUCAR;  FRESCAS;  REFRIGER	93	.	 	
2020/06/22 14:22:24	080521	MANDARINA	08	FRUTOS COMESTIBLES; CORTEZAS DE AGRIOS O DE MELONES	05	AGRIOS (CITRICOS) FRESCOS O SECOS	21	.	 	
2020/06/22 14:21:42	080451	MANGO	08	FRUTOS COMESTIBLES; CORTEZAS DE AGRIOS O DE MELONES	04	DATILES; HIGOS; PI?AS TROPICALES8ANANAS); AGUACATES(PALTAS); GUAYABAS; MANGOS	51	.	 	
2020/06/22 14:21:35	080450	GUAYABA	08	FRUTOS COMESTIBLES; CORTEZAS DE AGRIOS O DE MELONES	04	DATILES; HIGOS; PI?AS TROPICALES8ANANAS); AGUACATES(PALTAS); GUAYABAS; MANGOS	50	.	 	
2020/06/22 14:19:51	080430	PIÑA	08	FRUTOS COMESTIBLES; CORTEZAS DE AGRIOS O DE MELONES	04	DATILES; HIGOS; PI?AS TROPICALES8ANANAS); AGUACATES(PALTAS); GUAYABAS; MANGOS	30	.	 	
2020/06/22 14:19:09	080311	PLATANO	08	FRUTOS COMESTIBLES; CORTEZAS DE AGRIOS O DE MELONES	03	BANANAS O PLATANOS FRESCOS O SECOS	11	.	 	
2020/06/22 14:15:56	070391	CEBOLLÍN	07	LEGUMBRES Y HORTALIZAS, PLANTAS, RAÍCES Y TUBÉRCULOS ALIMENTICIOS	03	CEBOLLAS;  CHALOTES; AJOS; PUERROS Y DEMAS HORTALIZAS(INCLUSO SILVESTRES) ALIA	91	.	 	
2020/06/22 14:15:47	070390	CEBOLLA JUNCA (LARGA)	07	LEGUMBRES Y HORTALIZAS, PLANTAS, RAÍCES Y TUBÉRCULOS ALIMENTICIOS	03	CEBOLLAS;  CHALOTES; AJOS; PUERROS Y DEMAS HORTALIZAS(INCLUSO SILVESTRES) ALIA	90	.	 	
2020/06/22 14:08:41	070311	CEBOLLA CABEZONA ROJA	07	LEGUMBRES Y HORTALIZAS, PLANTAS, RAÍCES Y TUBÉRCULOS ALIMENTICIOS	03	CEBOLLAS;  CHALOTES; AJOS; PUERROS Y DEMAS HORTALIZAS(INCLUSO SILVESTRES) ALIA	11	.	 	
2020/06/22 14:03:30	071430	ÑAME	07	LEGUMBRES Y HORTALIZAS, PLANTAS, RAÍCES Y TUBÉRCULOS ALIMENTICIOS	14	RAICES DE MANDIOCA (YUCA); ARRURRUZ O SALEP; AGUATURMAS(PATACAS); BATATAS (BON	30	.	 	
2020/06/22 14:03:04	071410	YUCA	07	LEGUMBRES Y HORTALIZAS, PLANTAS, RAÍCES Y TUBÉRCULOS ALIMENTICIOS	14	RAICES DE MANDIOCA (YUCA); ARRURRUZ O SALEP; AGUATURMAS(PATACAS); BATATAS (BON	10	.	 	
2020/06/22 13:53:52	070115	PAPA OTRAS	07	LEGUMBRES Y HORTALIZAS, PLANTAS, RAÍCES Y TUBÉRCULOS ALIMENTICIOS	01	PATATAS (PAPAS) FRESCAS O REFRIGERADAS	15	.	 	
2020/06/22 13:53:32	070114	PAPA R-12 DIACOL	07	LEGUMBRES Y HORTALIZAS, PLANTAS, RAÍCES Y TUBÉRCULOS ALIMENTICIOS	01	PATATAS (PAPAS) FRESCAS O REFRIGERADAS	14	.	 	
2020/06/22 13:42:00	070113	PAPA SUPERIOR	07	LEGUMBRES Y HORTALIZAS, PLANTAS, RAÍCES Y TUBÉRCULOS ALIMENTICIOS	01	PATATAS (PAPAS) FRESCAS O REFRIGERADAS	13	.	 	
2020/06/22 13:35:08	070112	PAPA SABANERA	07	LEGUMBRES Y HORTALIZAS, PLANTAS, RAÍCES Y TUBÉRCULOS ALIMENTICIOS	01	PATATAS (PAPAS) FRESCAS O REFRIGERADAS	12	.	 	
2020/06/22 13:33:05	070111	PAPA CRIOLLA	07	LEGUMBRES Y HORTALIZAS, PLANTAS, RAÍCES Y TUBÉRCULOS ALIMENTICIOS	01	PATATAS (PAPAS) FRESCAS O REFRIGERADAS	11	.	 	
2020/06/20 15:15:28	040710	HUEVOS FRESCOS	04	LECHE Y PRODUCTOS LÁCTEOS; HUEVOS DE AVE; MIEL NATURAL; PRODUCTOS	07	HUEVOS DE AVES CON CASCARA(CASCARON) FRESCOS;  CONSERVADOS O COCIDOS	10	.	 	
2020/06/22 13:32:48	070110	PAPA PASTUSA	07	LEGUMBRES Y HORTALIZAS, PLANTAS, RAÍCES Y TUBÉRCULOS ALIMENTICIOS	01	PATATAS (PAPAS) FRESCAS O REFRIGERADAS	10	.	 	
2020/06/20 15:14:41	040610	QUESO FRESCO	04	LECHE Y PRODUCTOS LÁCTEOS; HUEVOS DE AVE; MIEL NATURAL; PRODUCTOS	06	QUESOS Y REQUESON	10	.	 	
2020/06/22 14:19:00	080310	BANANO	08	FRUTOS COMESTIBLES; CORTEZAS DE AGRIOS O DE MELONES	03	BANANAS O PLATANOS FRESCOS O SECOS	10	.	 	
2020/06/20 15:13:35	080111	COCO SECO	08	FRUTOS COMESTIBLES; CORTEZAS DE AGRIOS O DE MELONES	01	COCOS; NUECES DEL BRAZIL Y NUECES DE MARA?ON;  FRESCOS O SECOS;  INCLUSO CON C	11	.	 	
2020/06/20 15:13:02	070960	PIMENTONES	07	LEGUMBRES Y HORTALIZAS, PLANTAS, RAÍCES Y TUBÉRCULOS ALIMENTICIOS	09	LAS DEMAS HORTALIZAS (INCLUSO SILVESTRES) FRESCAS O REFRIGERADAS	60	.	 	
2020/07/21 13:00:24	081050	KIWI	08	FRUTOS COMESTIBLES; CORTEZAS DE AGRIOS O DE MELONES	10	LAS DEMAS FRUTAS U OTROS FRUTOS FRESCOS	50	.	 	
2020/06/22 14:47:02	080720	PAPAYA	08	FRUTOS COMESTIBLES; CORTEZAS DE AGRIOS O DE MELONES	07	MELONES; SANDIAS Y PAPAYAS FRESCOS	20	.	 	
2020/07/21 12:50:27	080930	DURAZNO	08	FRUTOS COMESTIBLES; CORTEZAS DE AGRIOS O DE MELONES	09	ALBARICOQUES(DAMASCOS; CHABACANOS); CEREZAS; MELOCOTONES(DURAZNOS); (INCLUIDO	30	.	 	
2020/07/21 12:49:56	080820	.	08	FRUTOS COMESTIBLES; CORTEZAS DE AGRIOS O DE MELONES	08	MANZANAS; PERAS;  Y MENBRILLOS FRESCOS	20	.	 	
2020/06/20 15:10:15	100610	ARROZ CON CASCARA	10	CEREALES	06	ARROZ	10	.	 	
2020/06/20 15:09:53	100510	MAIZ	10	CEREALES	05	MAIZ	10	.	 	
2020/07/21 12:51:25	081010	FRESA	08	FRUTOS COMESTIBLES; CORTEZAS DE AGRIOS O DE MELONES	10	LAS DEMAS FRUTAS U OTROS FRUTOS FRESCOS	10	.	 	
2020/07/21 12:48:49	080810	MANZANA	08	FRUTOS COMESTIBLES; CORTEZAS DE AGRIOS O DE MELONES	08	MANZANAS; PERAS;  Y MENBRILLOS FRESCOS	10	.	 	
2020/07/21 12:46:09	080550	LIMON COMÚN	08	FRUTOS COMESTIBLES; CORTEZAS DE AGRIOS O DE MELONES	05	AGRIOS (CITRICOS) FRESCOS O SECOS	50	.	 	
2020/06/22 14:22:06	080510	NARANJA	08	FRUTOS COMESTIBLES; CORTEZAS DE AGRIOS O DE MELONES	05	AGRIOS (CITRICOS) FRESCOS O SECOS	10	.	 	
2020/06/20 15:08:15	070970	ESPINACAS	07	LEGUMBRES Y HORTALIZAS, PLANTAS, RAÍCES Y TUBÉRCULOS ALIMENTICIOS	09	LAS DEMAS HORTALIZAS (INCLUSO SILVESTRES) FRESCAS O REFRIGERADAS	70	.	 	
2020/06/22 14:57:40	070610	ZANAHORIA	07	LEGUMBRES Y HORTALIZAS, PLANTAS, RAÍCES Y TUBÉRCULOS ALIMENTICIOS	06	ZANAHORIAS; NABOS; REMOLACHAS PARA ENSALADAS; SALDIFIES; APIONABOS; RABANOS Y	10	.	 	
2020/06/20 15:07:00	070510	LECHUGAS REPOLLADAS	07	LEGUMBRES Y HORTALIZAS, PLANTAS, RAÍCES Y TUBÉRCULOS ALIMENTICIOS	05	LECHUGA(LACTUCA SATIVA) Y ACHICORIAS; COMPRENDIDAS LA ESCAROLA Y LA ENDIBIA FR	10	.	 	
2023/03/22 13:51:26	070410	REPOLLO, COLIFLORES Y BROCOLI	07	LEGUMBRES Y HORTALIZAS, PLANTAS, RAÍCES Y TUBÉRCULOS ALIMENTICIOS	04	COLES INCLUIDOS LOS REPOLLOS; COLIFLORES; COLES RIZADAS; COLINABOS Y PRODUCTO	10	.	 	
2020/06/20 15:05:40	070320	AJOS	07	LEGUMBRES Y HORTALIZAS, PLANTAS, RAÍCES Y TUBÉRCULOS ALIMENTICIOS	03	CEBOLLAS;  CHALOTES; AJOS; PUERROS Y DEMAS HORTALIZAS(INCLUSO SILVESTRES) ALIA	20	.	 	
2020/06/22 14:08:13	070310	CEBOLLA CABEZONA BLANCA	07	LEGUMBRES Y HORTALIZAS, PLANTAS, RAÍCES Y TUBÉRCULOS ALIMENTICIOS	03	CEBOLLAS;  CHALOTES; AJOS; PUERROS Y DEMAS HORTALIZAS(INCLUSO SILVESTRES) ALIA	10	.	 	
2020/06/20 15:03:58	040110	LECHE Y NATA SIN CONCENTRAR	04	LECHE Y PRODUCTOS LÁCTEOS; HUEVOS DE AVE; MIEL NATURAL; PRODUCTOS	01	LECHE Y NATA (CREMA) SIN CONCENTRAR; SIN ADICION DE AZUCAR NI OTRO EDUCOLORANT	10	.	 	
